[
    {
      "name": "Mercury",
      "type": "Rocky",
      "star_name": "Sun",
      "distance_from_star": 0.39
    },
    {
      "name": "Venus",
      "type": "Rocky",
      "star_name": "Sun",
      "distance_from_star": 0.72
    },
    {
      "name": "Earth",
      "type": "Terrestrial Planet",
      "star_name": "Sun",
      "distance_from_star": 1.00
    },
    {
      "name": "Mars",
      "type": "Rocky",
      "star_name": "Sun",
      "distance_from_star": 1.52
    },
    {
      "name": "Jupiter",
      "type": "Gas giant",
      "star_name": "Sun",
      "distance_from_star": 5.20
    },
    {
      "name": "Saturn",
      "type": "Gas giant",
      "star_name": "Sun",
      "distance_from_star": 9.58
    },
    {
      "name": "Uranus",
      "type": "Ice giant",
      "star_name": "Sun",
      "distance_from_star": 19.22
    },
    {
      "name": "Neptune",
      "type": "Ice giant",
      "star_name": "Sun",
      "distance_from_star": 30.05
    },
    {
      "name": "Proxima b",
      "type": "Rocky",
      "star_name": "Proxima Centauri",
      "distance_from_star": 0.048
    },
    {
      "name": "Proxima c",
      "type": "Super-Earth",
      "star_name": "Proxima Centauri",
      "distance_from_star": 1.49
    },
    {
      "name": "Alpha Centauri Bb",
      "type": "Rocky",
      "star_name": "Alpha Centauri",
      "distance_from_star": 0.04
    },
    {
      "name": "Barnard's Star b",
      "type": "Super-Earth",
      "star_name": "Barnard's Star",
      "distance_from_star": 0.4
    },
    {
      "name": "Wolf 359 b",
      "type": "Rocky",
      "star_name": "Wolf 359",
      "distance_from_star": 0.08
    },
    {
      "name": "Wolf 359 c",
      "type": "Gas dwarf",
      "star_name": "Wolf 359",
      "distance_from_star": 0.2
    },
    {
      "name": "Lalande 21185 b",
      "type": "Super-Earth",
      "star_name": "Lalande 21185",
      "distance_from_star": 0.10
    },
    {
      "name": "Lalande 21185 c",
      "type": "Super-Earth",
      "star_name": "Lalande 21185",
      "distance_from_star": 0.22
    },
    {
      "name": "Sirius A b",
      "type": "Gas giant",
      "star_name": "Sirius A",
      "distance_from_star": 5.0
    },
    {
      "name": "Sirius A c",
      "type": "Ice giant",
      "star_name": "Sirius A",
      "distance_from_star": 10.0
    },
    {
      "name": "Luyten b",
      "type": "Super-Earth",
      "star_name": "Luyten 726-8",
      "distance_from_star": 0.091
    },
    {
      "name": "Ross 154 b",
      "type": "Rocky",
      "star_name": "Ross 154",
      "distance_from_star": 0.05
    },
    {
      "name": "Ross 154 c",
      "type": "Gas dwarf",
      "star_name": "Ross 154",
      "distance_from_star": 0.2
    }
  ]
  