[
    {
        "id": "1",
        "name": "Gold",
        "base_price": 2500,
        "description": "A precious metal highly valued for electronics and currency.",
        "prospection_chance": 5,
        "first_base_resource_id": null,
        "second_base_resource_id": null,
        "first_base_resource_quantity": null,
        "second_base_resource_quantity": null,
        "created_at": "2024-11-21T15:20:36.000000Z",
        "updated_at": "2024-11-21T15:20:36.000000Z",
        "rate_per_100k_population": "3"
    },
    {
        "id": "2",
        "name": "Silver",
        "base_price": 200,
        "description": "A versatile metal used in industry, jewelry, and currency.",
        "prospection_chance": 10,
        "first_base_resource_id": null,
        "second_base_resource_id": null,
        "first_base_resource_quantity": null,
        "second_base_resource_quantity": null,
        "created_at": "2024-11-21T15:20:36.000000Z",
        "updated_at": "2024-11-21T15:20:36.000000Z",
        "rate_per_100k_population": "9"
    },
    {
        "id": "3",
        "name": "Tantalum",
        "base_price": 1200,
        "description": "A rare metal essential for high-performance electronics.",
        "prospection_chance": 3,
        "first_base_resource_id": null,
        "second_base_resource_id": null,
        "first_base_resource_quantity": null,
        "second_base_resource_quantity": null,
        "created_at": "2024-11-21T15:20:36.000000Z",
        "updated_at": "2024-11-21T15:20:36.000000Z",
        "rate_per_100k_population": "3"
    },
    {
        "id": "4",
        "name": "Osmium",
        "base_price": 5000,
        "description": "One of the densest metals, used in scientific applications.",
        "prospection_chance": 2,
        "first_base_resource_id": null,
        "second_base_resource_id": null,
        "first_base_resource_quantity": null,
        "second_base_resource_quantity": null,
        "created_at": "2024-11-21T15:20:36.000000Z",
        "updated_at": "2024-11-21T15:20:36.000000Z",
        "rate_per_100k_population": "4"
    },
    {
        "id": "5",
        "name": "Palladium",
        "base_price": 2200,
        "description": "A critical metal in catalytic converters and electronics.",
        "prospection_chance": 4,
        "first_base_resource_id": null,
        "second_base_resource_id": null,
        "first_base_resource_quantity": null,
        "second_base_resource_quantity": null,
        "created_at": "2024-11-21T15:20:36.000000Z",
        "updated_at": "2024-11-21T15:20:36.000000Z",
        "rate_per_100k_population": "2"
    },
    {
        "id": "6",
        "name": "Iron Ore",
        "base_price": 80,
        "description": "A common ore used in the production of steel.",
        "prospection_chance": 20,
        "first_base_resource_id": null,
        "second_base_resource_id": null,
        "first_base_resource_quantity": null,
        "second_base_resource_quantity": null,
        "created_at": "2024-11-21T15:20:36.000000Z",
        "updated_at": "2024-11-21T15:20:36.000000Z",
        "rate_per_100k_population": "40"
    },
    {
        "id": "7",
        "name": "Copper",
        "base_price": 50,
        "description": "A highly conductive metal used in electrical components.",
        "prospection_chance": 15,
        "first_base_resource_id": null,
        "second_base_resource_id": null,
        "first_base_resource_quantity": null,
        "second_base_resource_quantity": null,
        "created_at": "2024-11-21T15:20:36.000000Z",
        "updated_at": "2024-11-21T15:20:36.000000Z",
        "rate_per_100k_population": "30"
    },
    {
        "id": "8",
        "name": "Uranium",
        "base_price": 3000,
        "description": "A radioactive element essential for nuclear energy.",
        "prospection_chance": 3,
        "first_base_resource_id": null,
        "second_base_resource_id": null,
        "first_base_resource_quantity": null,
        "second_base_resource_quantity": null,
        "created_at": "2024-11-21T15:20:36.000000Z",
        "updated_at": "2024-11-21T15:20:36.000000Z",
        "rate_per_100k_population": "8"
    },
    {
        "id": "9",
        "name": "Lithium",
        "base_price": 900,
        "description": "A lightweight metal critical for batteries and energy storage.",
        "prospection_chance": 6,
        "first_base_resource_id": null,
        "second_base_resource_id": null,
        "first_base_resource_quantity": null,
        "second_base_resource_quantity": null,
        "created_at": "2024-11-21T15:20:36.000000Z",
        "updated_at": "2024-11-21T15:20:36.000000Z",
        "rate_per_100k_population": "15"
    },
    {
        "id": "10",
        "name": "Platinum",
        "base_price": 2000,
        "description": "A valuable metal used in jewelry and industrial processes.",
        "prospection_chance": 5,
        "first_base_resource_id": null,
        "second_base_resource_id": null,
        "first_base_resource_quantity": null,
        "second_base_resource_quantity": null,
        "created_at": "2024-11-21T15:20:36.000000Z",
        "updated_at": "2024-11-21T15:20:36.000000Z",
        "rate_per_100k_population": "5"
    },
    {
        "id": "11",
        "name": "Oil",
        "base_price": 100,
        "description": "A critical resource for energy and industrial production.",
        "prospection_chance": 12,
        "first_base_resource_id": null,
        "second_base_resource_id": null,
        "first_base_resource_quantity": null,
        "second_base_resource_quantity": null,
        "created_at": "2024-11-21T15:20:36.000000Z",
        "updated_at": "2024-11-21T15:20:36.000000Z",
        "rate_per_100k_population": "18"
    },
    {
        "id": "12",
        "name": "Water",
        "base_price": 2,
        "description": "A basic necessity for life and agriculture.",
        "prospection_chance": 25,
        "first_base_resource_id": null,
        "second_base_resource_id": null,
        "first_base_resource_quantity": null,
        "second_base_resource_quantity": null,
        "created_at": "2024-11-21T15:20:36.000000Z",
        "updated_at": "2024-11-21T15:20:36.000000Z",
        "rate_per_100k_population": "100"
    },
    {
        "id": "13",
        "name": "Nickel",
        "base_price": 100,
        "description": "A versatile metal commonly used in alloys and batteries.",
        "prospection_chance": 15,
        "first_base_resource_id": null,
        "second_base_resource_id": null,
        "first_base_resource_quantity": null,
        "second_base_resource_quantity": null,
        "created_at": "2024-11-21T15:20:36.000000Z",
        "updated_at": "2024-11-21T15:20:36.000000Z",
        "rate_per_100k_population": "25"
    },
    {
        "id": "14",
        "name": "Cobalt",
        "base_price": 350,
        "description": "A crucial element for high-strength alloys and magnetic materials.",
        "prospection_chance": 10,
        "first_base_resource_id": null,
        "second_base_resource_id": null,
        "first_base_resource_quantity": null,
        "second_base_resource_quantity": null,
        "created_at": "2024-11-21T15:20:36.000000Z",
        "updated_at": "2024-11-21T15:20:36.000000Z",
        "rate_per_100k_population": "10"
    },
    {
        "id": "15",
        "name": "Zinc",
        "base_price": 75,
        "description": "A common metal used in galvanizing steel and various alloys.",
        "prospection_chance": 18,
        "first_base_resource_id": null,
        "second_base_resource_id": null,
        "first_base_resource_quantity": null,
        "second_base_resource_quantity": null,
        "created_at": "2024-11-21T15:20:36.000000Z",
        "updated_at": "2024-11-21T15:20:36.000000Z",
        "rate_per_100k_population": "12"
    },
    {
        "id": "16",
        "name": "Titanium",
        "base_price": 800,
        "description": "A lightweight and strong metal ideal for aerospace and medical applications.",
        "prospection_chance": 6,
        "first_base_resource_id": null,
        "second_base_resource_id": null,
        "first_base_resource_quantity": null,
        "second_base_resource_quantity": null,
        "created_at": "2024-11-21T15:20:36.000000Z",
        "updated_at": "2024-11-21T15:20:36.000000Z",
        "rate_per_100k_population": "5"
    },
    {
        "id": "17",
        "name": "Quartz",
        "base_price": 40,
        "description": "A crystalline mineral used in glassmaking and electronics.",
        "prospection_chance": 20,
        "first_base_resource_id": null,
        "second_base_resource_id": null,
        "first_base_resource_quantity": null,
        "second_base_resource_quantity": null,
        "created_at": "2024-11-21T15:20:36.000000Z",
        "updated_at": "2024-11-21T15:20:36.000000Z",
        "rate_per_100k_population": "15"
    },
    {
        "id": "18",
        "name": "Sulfur",
        "base_price": 50,
        "description": "A non-metal used in fertilizers, chemicals, and explosives.",
        "prospection_chance": 22,
        "first_base_resource_id": null,
        "second_base_resource_id": null,
        "first_base_resource_quantity": null,
        "second_base_resource_quantity": null,
        "created_at": "2024-11-21T15:20:36.000000Z",
        "updated_at": "2024-11-21T15:20:36.000000Z",
        "rate_per_100k_population": "20"
    },
    {
        "id": "19",
        "name": "Salt",
        "base_price": 15,
        "description": "A mineral widely used for preservation, seasoning, and industrial processes.",
        "prospection_chance": 30,
        "first_base_resource_id": null,
        "second_base_resource_id": null,
        "first_base_resource_quantity": null,
        "second_base_resource_quantity": null,
        "created_at": "2024-11-21T15:20:36.000000Z",
        "updated_at": "2024-11-21T15:20:36.000000Z",
        "rate_per_100k_population": "22"
    },
    {
        "id": "20",
        "name": "Bauxite",
        "base_price": 90,
        "description": "An ore of aluminum, critical for lightweight material production.",
        "prospection_chance": 12,
        "first_base_resource_id": null,
        "second_base_resource_id": null,
        "first_base_resource_quantity": null,
        "second_base_resource_quantity": null,
        "created_at": "2024-11-21T15:20:36.000000Z",
        "updated_at": "2024-11-21T15:20:36.000000Z",
        "rate_per_100k_population": "22"
    },
    {
        "id": "21",
        "name": "Helium-3",
        "base_price": 4000,
        "description": "An isotope of helium essential for advanced energy applications.",
        "prospection_chance": 1,
        "first_base_resource_id": null,
        "second_base_resource_id": null,
        "first_base_resource_quantity": null,
        "second_base_resource_quantity": null,
        "created_at": "2024-11-21T15:20:36.000000Z",
        "updated_at": "2024-11-21T15:20:36.000000Z",
        "rate_per_100k_population": "0.1"
    },
    {
        "id": "22",
        "name": "Carbon",
        "base_price": 25,
        "description": "A basic building block of life and a key component in alloys and fuel.",
        "prospection_chance": 28,
        "first_base_resource_id": null,
        "second_base_resource_id": null,
        "first_base_resource_quantity": null,
        "second_base_resource_quantity": null,
        "created_at": "2024-11-21T15:20:36.000000Z",
        "updated_at": "2024-11-21T15:20:36.000000Z",
        "rate_per_100k_population": "50"
    },
    {
        "id": "23",
        "name": "Cotton",
        "base_price": 12,
        "description": "A fibrous crop used in textiles and industrial applications.",
        "prospection_chance": 25,
        "first_base_resource_id": null,
        "second_base_resource_id": null,
        "first_base_resource_quantity": null,
        "second_base_resource_quantity": null,
        "created_at": "2024-11-21T15:20:36.000000Z",
        "updated_at": "2024-11-21T15:20:36.000000Z",
        "rate_per_100k_population": "50"
    },
    {
        "id": "24",
        "name": "Coffee Beans",
        "base_price": 50,
        "description": "A luxury crop valued for its stimulating properties.",
        "prospection_chance": 18,
        "first_base_resource_id": null,
        "second_base_resource_id": null,
        "first_base_resource_quantity": null,
        "second_base_resource_quantity": null,
        "created_at": "2024-11-21T15:20:36.000000Z",
        "updated_at": "2024-11-21T15:20:36.000000Z",
        "rate_per_100k_population": "20"
    },
    {
        "id": "25",
        "name": "Tobacco",
        "base_price": 35,
        "description": "A high-value crop used in recreational and medicinal products.",
        "prospection_chance": 20,
        "first_base_resource_id": null,
        "second_base_resource_id": null,
        "first_base_resource_quantity": null,
        "second_base_resource_quantity": null,
        "created_at": "2024-11-21T15:20:36.000000Z",
        "updated_at": "2024-11-21T15:20:36.000000Z",
        "rate_per_100k_population": "15"
    },
    {
        "id": "26",
        "name": "Algae",
        "base_price": 20,
        "description": "A fast-growing biomass used in food, fuel, and bioengineering.",
        "prospection_chance": 22,
        "first_base_resource_id": null,
        "second_base_resource_id": null,
        "first_base_resource_quantity": null,
        "second_base_resource_quantity": null,
        "created_at": "2024-11-21T15:20:36.000000Z",
        "updated_at": "2024-11-21T15:20:36.000000Z",
        "rate_per_100k_population": "25"
    },
    {
        "id": "27",
        "name": "Spices",
        "base_price": 45,
        "description": "A collection of aromatic substances used to flavor food.",
        "prospection_chance": 16,
        "first_base_resource_id": null,
        "second_base_resource_id": null,
        "first_base_resource_quantity": null,
        "second_base_resource_quantity": null,
        "created_at": "2024-11-21T15:20:36.000000Z",
        "updated_at": "2024-11-21T15:20:36.000000Z",
        "rate_per_100k_population": "3"
    },
    {
        "id": "28",
        "name": "Steel",
        "base_price": 400,
        "description": "An alloy used extensively in construction and manufacturing.",
        "prospection_chance": null,
        "first_base_resource_id": 6,
        "second_base_resource_id": 22,
        "first_base_resource_quantity": 1,
        "second_base_resource_quantity": 1,
        "created_at": "2024-11-21T15:27:49.000000Z",
        "updated_at": "2024-11-21T15:27:49.000000Z",
        "rate_per_100k_population": "25"
    },
    {
        "id": "29",
        "name": "Aluminum",
        "base_price": 600,
        "description": "A lightweight metal essential for aerospace and transportation.",
        "prospection_chance": null,
        "first_base_resource_id": 20,
        "second_base_resource_id": 22,
        "first_base_resource_quantity": 1,
        "second_base_resource_quantity": 1,
        "created_at": "2024-11-21T15:27:49.000000Z",
        "updated_at": "2024-11-21T15:27:49.000000Z",
        "rate_per_100k_population": "55"
    },
    {
        "id": "30",
        "name": "Plastic",
        "base_price": 250,
        "description": "A versatile synthetic material used in countless applications.",
        "prospection_chance": null,
        "first_base_resource_id": 11,
        "second_base_resource_id": 22,
        "first_base_resource_quantity": 1,
        "second_base_resource_quantity": 1,
        "created_at": "2024-11-21T15:27:49.000000Z",
        "updated_at": "2024-11-21T15:27:49.000000Z",
        "rate_per_100k_population": "50"
    },
    {
        "id": "31",
        "name": "Jewelry",
        "base_price": 7000,
        "description": "Luxury items crafted with precious metals and stones.",
        "prospection_chance": null,
        "first_base_resource_id": 1,
        "second_base_resource_id": 10,
        "first_base_resource_quantity": 1,
        "second_base_resource_quantity": 1,
        "created_at": "2024-11-21T15:27:49.000000Z",
        "updated_at": "2024-11-21T15:27:49.000000Z",
        "rate_per_100k_population": "8"
    },
    {
        "id": "32",
        "name": "Electronics",
        "base_price": 1200,
        "description": "Devices essential for communication and computing.",
        "prospection_chance": null,
        "first_base_resource_id": 7,
        "second_base_resource_id": 3,
        "first_base_resource_quantity": 1,
        "second_base_resource_quantity": 1,
        "created_at": "2024-11-21T15:27:49.000000Z",
        "updated_at": "2024-11-21T15:27:49.000000Z",
        "rate_per_100k_population": "50"
    },
    {
        "id": "33",
        "name": "Glass",
        "base_price": 120,
        "description": "A transparent material used in construction and optics.",
        "prospection_chance": null,
        "first_base_resource_id": 17,
        "second_base_resource_id": 22,
        "first_base_resource_quantity": 1,
        "second_base_resource_quantity": 1,
        "created_at": "2024-11-21T15:27:49.000000Z",
        "updated_at": "2024-11-21T15:27:49.000000Z",
        "rate_per_100k_population": "56"
    },
    {
        "id": "34",
        "name": "Fertilizer",
        "base_price": 100,
        "description": "A chemical compound that boosts agricultural yields.",
        "prospection_chance": null,
        "first_base_resource_id": 18,
        "second_base_resource_id": 12,
        "first_base_resource_quantity": 2,
        "second_base_resource_quantity": 1,
        "created_at": "2024-11-21T15:27:49.000000Z",
        "updated_at": "2024-11-21T15:27:49.000000Z",
        "rate_per_100k_population": "80"
    },
    {
        "id": "35",
        "name": "Luxury Fabrics",
        "base_price": 400,
        "description": "High-end textiles made from natural fibers.",
        "prospection_chance": null,
        "first_base_resource_id": 23,
        "second_base_resource_id": 27,
        "first_base_resource_quantity": 1,
        "second_base_resource_quantity": 1,
        "created_at": "2024-11-21T15:27:49.000000Z",
        "updated_at": "2024-11-21T15:27:49.000000Z",
        "rate_per_100k_population": "15"
    },
    {
        "id": "36",
        "name": "Nuclear Fuel",
        "base_price": 9000,
        "description": "Highly refined fuel used in advanced energy reactors.",
        "prospection_chance": null,
        "first_base_resource_id": 8,
        "second_base_resource_id": 21,
        "first_base_resource_quantity": 1,
        "second_base_resource_quantity": 1,
        "created_at": "2024-11-21T15:27:49.000000Z",
        "updated_at": "2024-11-21T15:27:49.000000Z",
        "rate_per_100k_population": "100"
    },
    {
        "id": "37",
        "name": "Synthetic Fiber",
        "base_price": 350,
        "description": "A lightweight and durable material used in clothing and industrial applications.",
        "prospection_chance": null,
        "first_base_resource_id": 11,
        "second_base_resource_id": 23,
        "first_base_resource_quantity": 2,
        "second_base_resource_quantity": 1,
        "created_at": "2024-11-21T15:27:49.000000Z",
        "updated_at": "2024-11-21T15:27:49.000000Z",
        "rate_per_100k_population": "43"
    },
    {
        "id": "38",
        "name": "Carbon Fiber",
        "base_price": 1000,
        "description": "A high-strength, lightweight material ideal for aerospace and advanced engineering.",
        "prospection_chance": null,
        "first_base_resource_id": 22,
        "second_base_resource_id": 11,
        "first_base_resource_quantity": 1,
        "second_base_resource_quantity": 1,
        "created_at": "2024-11-21T15:27:49.000000Z",
        "updated_at": "2024-11-21T15:27:49.000000Z",
        "rate_per_100k_population": "22"
    },
    {
        "id": "39",
        "name": "Optical Lenses",
        "base_price": 700,
        "description": "Precision glass components used in telescopes, cameras, and microscopes.",
        "prospection_chance": null,
        "first_base_resource_id": 17,
        "second_base_resource_id": 22,
        "first_base_resource_quantity": 1,
        "second_base_resource_quantity": 1,
        "created_at": "2024-11-21T15:27:49.000000Z",
        "updated_at": "2024-11-21T15:27:49.000000Z",
        "rate_per_100k_population": "9"
    },
    {
        "id": "40",
        "name": "Advanced Alloys",
        "base_price": 5000,
        "description": "Specialized metals combining strength and flexibility for high-tech industries.",
        "prospection_chance": null,
        "first_base_resource_id": 3,
        "second_base_resource_id": 4,
        "first_base_resource_quantity": 1,
        "second_base_resource_quantity": 1,
        "created_at": "2024-11-21T15:27:49.000000Z",
        "updated_at": "2024-11-21T15:27:49.000000Z",
        "rate_per_100k_population": "24"
    },
    {
        "id": "41",
        "name": "Energy Cells",
        "base_price": 1200,
        "description": "Portable energy storage used to power small devices or vehicles.",
        "prospection_chance": null,
        "first_base_resource_id": 9,
        "second_base_resource_id": 21,
        "first_base_resource_quantity": 1,
        "second_base_resource_quantity": 1,
        "created_at": "2024-11-21T15:27:49.000000Z",
        "updated_at": "2024-11-21T15:27:49.000000Z",
        "rate_per_100k_population": "15"
    }
]