[
    {
      "name": "Sun",
      "spectrum": "G2V",
      "color": "Yellow",
      "temperature": 5778,
      "position": {
        "x": 0.0,
        "y": 0.0,
        "z": 0.0
      }
    },
    {
      "name": "Proxima Centauri",
      "spectrum": "M5.5V",
      "color": "Red",
      "temperature": 3042,
      "position": {
        "x": -1.546,
        "y": -3.582,
        "z": 0.059
      }
    },
    {
      "name": "Alpha Centauri",
      "spectrum": "G2V",
      "color": "Yellow",
      "temperature": 5790,
      "position": {
        "x": -1.602,
        "y": -3.711,
        "z": 0.063
      }
    },
    {
      "name": "Barnard's Star",
      "spectrum": "M4V",
      "color": "Red",
      "temperature": 3134,
      "position": {
        "x": 1.834,
        "y": -5.578,
        "z": -0.006
      }
    },
    {
      "name": "Wolf 359",
      "spectrum": "M6V",
      "color": "Red",
      "temperature": 2800,
      "position": {
        "x": -7.502,
        "y": 1.727,
        "z": 0.105
      }
    },
    {
      "name": "Lalande 21185",
      "spectrum": "M2V",
      "color": "Red",
      "temperature": 3400,
      "position": {
        "x": 7.877,
        "y": -1.881,
        "z": -0.152
      }
    },
    {
      "name": "Sirius A",
      "spectrum": "A1V",
      "color": "White-bluish",
      "temperature": 9940,
      "position": {
        "x": -8.505,
        "y": 1.462,
        "z": -0.556
      }
    },
    {
      "name": "Luyten 726-8",
      "spectrum": "M5.5V",
      "color": "Red",
      "temperature": 2950,
      "position": {
        "x": 8.521,
        "y": -1.753,
        "z": 0.076
      }
    },
    {
      "name": "Ross 154",
      "spectrum": "M3.5V",
      "color": "Red",
      "temperature": 3250,
      "position": {
        "x": -1.200,
        "y": 9.580,
        "z": -0.134
      }
    }
  ]
  